{
  "functions": [
    {
      "name": "command_print",
      "module": "functions"
    }
  ],
  "tasks": [
    {
      "name": "mProjectPP",
      "function": "command_print",
      "type": "dataflow",
      "executor": "syscommand",
      "firingLimit": 1,
      "config": {
        "executor": {
          "executable": "mProjectPP",
          "args": ""
        }
      },
      "ins": [
        0,
        1
      ],
      "outs": [
        2,
        3
      ],
      "runtime": "13.44"
    },
    {
      "name": "mProjectPP",
      "function": "command_print",
      "type": "dataflow",
      "executor": "syscommand",
      "firingLimit": 1,
      "config": {
        "executor": {
          "executable": "mProjectPP",
          "args": ""
        }
      },
      "ins": [
        4,
        5
      ],
      "outs": [
        6,
        7
      ],
      "runtime": "13.86"
    },
    {
      "name": "mProjectPP",
      "function": "command_print",
      "type": "dataflow",
      "executor": "syscommand",
      "firingLimit": 1,
      "config": {
        "executor": {
          "executable": "mProjectPP",
          "args": ""
        }
      },
      "ins": [
        4,
        8
      ],
      "outs": [
        9,
        10
      ],
      "runtime": "13.59"
    },
    {
      "name": "mProjectPP",
      "function": "command_print",
      "type": "dataflow",
      "executor": "syscommand",
      "firingLimit": 1,
      "config": {
        "executor": {
          "executable": "mProjectPP",
          "args": ""
        }
      },
      "ins": [
        4,
        11
      ],
      "outs": [
        12,
        13
      ],
      "runtime": "13.65"
    },
    {
      "name": "mProjectPP",
      "function": "command_print",
      "type": "dataflow",
      "executor": "syscommand",
      "firingLimit": 1,
      "config": {
        "executor": {
          "executable": "mProjectPP",
          "args": ""
        }
      },
      "ins": [
        4,
        14
      ],
      "outs": [
        15,
        16
      ],
      "runtime": "13.43"
    },
    {
      "name": "mProjectPP",
      "function": "command_print",
      "type": "dataflow",
      "executor": "syscommand",
      "firingLimit": 1,
      "config": {
        "executor": {
          "executable": "mProjectPP",
          "args": ""
        }
      },
      "ins": [
        4,
        17
      ],
      "outs": [
        18,
        19
      ],
      "runtime": "13.36"
    },
    {
      "name": "mProjectPP",
      "function": "command_print",
      "type": "dataflow",
      "executor": "syscommand",
      "firingLimit": 1,
      "config": {
        "executor": {
          "executable": "mProjectPP",
          "args": ""
        }
      },
      "ins": [
        4,
        20
      ],
      "outs": [
        21,
        22
      ],
      "runtime": "13.15"
    },
    {
      "name": "mProjectPP",
      "function": "command_print",
      "type": "dataflow",
      "executor": "syscommand",
      "firingLimit": 1,
      "config": {
        "executor": {
          "executable": "mProjectPP",
          "args": ""
        }
      },
      "ins": [
        4,
        23
      ],
      "outs": [
        24,
        25
      ],
      "runtime": "13.58"
    },
    {
      "name": "mDiffFit",
      "function": "command_print",
      "type": "dataflow",
      "executor": "syscommand",
      "firingLimit": 1,
      "config": {
        "executor": {
          "executable": "mDiffFit",
          "args": ""
        }
      },
      "ins": [
        4,
        2,
        3
      ],
      "outs": [
        26,
        27
      ],
      "runtime": "10.54"
    },
    {
      "name": "mDiffFit",
      "function": "command_print",
      "type": "dataflow",
      "executor": "syscommand",
      "firingLimit": 1,
      "config": {
        "executor": {
          "executable": "mDiffFit",
          "args": ""
        }
      },
      "ins": [
        4,
        2,
        3,
        6,
        7
      ],
      "outs": [
        26,
        27
      ],
      "runtime": "10.68"
    },
    {
      "name": "mDiffFit",
      "function": "command_print",
      "type": "dataflow",
      "executor": "syscommand",
      "firingLimit": 1,
      "config": {
        "executor": {
          "executable": "mDiffFit",
          "args": ""
        }
      },
      "ins": [
        4,
        2,
        3,
        9,
        10
      ],
      "outs": [
        26,
        27
      ],
      "runtime": "10.61"
    },
    {
      "name": "mDiffFit",
      "function": "command_print",
      "type": "dataflow",
      "executor": "syscommand",
      "firingLimit": 1,
      "config": {
        "executor": {
          "executable": "mDiffFit",
          "args": ""
        }
      },
      "ins": [
        4,
        2,
        3,
        12,
        13
      ],
      "outs": [
        26,
        27
      ],
      "runtime": "10.43"
    },
    {
      "name": "mDiffFit",
      "function": "command_print",
      "type": "dataflow",
      "executor": "syscommand",
      "firingLimit": 1,
      "config": {
        "executor": {
          "executable": "mDiffFit",
          "args": ""
        }
      },
      "ins": [
        4,
        2,
        3,
        15,
        16
      ],
      "outs": [
        26,
        27
      ],
      "runtime": "10.62"
    },
    {
      "name": "mDiffFit",
      "function": "command_print",
      "type": "dataflow",
      "executor": "syscommand",
      "firingLimit": 1,
      "config": {
        "executor": {
          "executable": "mDiffFit",
          "args": ""
        }
      },
      "ins": [
        4,
        2,
        3,
        24,
        25
      ],
      "outs": [
        26,
        27
      ],
      "runtime": "10.68"
    },
    {
      "name": "mDiffFit",
      "function": "command_print",
      "type": "dataflow",
      "executor": "syscommand",
      "firingLimit": 1,
      "config": {
        "executor": {
          "executable": "mDiffFit",
          "args": ""
        }
      },
      "ins": [
        4,
        6,
        7,
        9,
        10
      ],
      "outs": [
        26,
        27
      ],
      "runtime": "10.61"
    },
    {
      "name": "mDiffFit",
      "function": "command_print",
      "type": "dataflow",
      "executor": "syscommand",
      "firingLimit": 1,
      "config": {
        "executor": {
          "executable": "mDiffFit",
          "args": ""
        }
      },
      "ins": [
        4,
        6,
        7,
        12,
        13
      ],
      "outs": [
        26,
        27
      ],
      "runtime": "10.63"
    },
    {
      "name": "mDiffFit",
      "function": "command_print",
      "type": "dataflow",
      "executor": "syscommand",
      "firingLimit": 1,
      "config": {
        "executor": {
          "executable": "mDiffFit",
          "args": ""
        }
      },
      "ins": [
        4,
        6,
        7,
        18,
        19
      ],
      "outs": [
        26,
        27
      ],
      "runtime": "10.56"
    },
    {
      "name": "mDiffFit",
      "function": "command_print",
      "type": "dataflow",
      "executor": "syscommand",
      "firingLimit": 1,
      "config": {
        "executor": {
          "executable": "mDiffFit",
          "args": ""
        }
      },
      "ins": [
        4,
        6,
        7,
        21,
        22
      ],
      "outs": [
        26,
        27
      ],
      "runtime": "10.63"
    },
    {
      "name": "mDiffFit",
      "function": "command_print",
      "type": "dataflow",
      "executor": "syscommand",
      "firingLimit": 1,
      "config": {
        "executor": {
          "executable": "mDiffFit",
          "args": ""
        }
      },
      "ins": [
        4,
        6,
        7,
        24,
        25
      ],
      "outs": [
        26,
        27
      ],
      "runtime": "10.41"
    },
    {
      "name": "mDiffFit",
      "function": "command_print",
      "type": "dataflow",
      "executor": "syscommand",
      "firingLimit": 1,
      "config": {
        "executor": {
          "executable": "mDiffFit",
          "args": ""
        }
      },
      "ins": [
        4,
        9,
        10,
        24,
        25
      ],
      "outs": [
        26,
        27
      ],
      "runtime": "10.73"
    },
    {
      "name": "mDiffFit",
      "function": "command_print",
      "type": "dataflow",
      "executor": "syscommand",
      "firingLimit": 1,
      "config": {
        "executor": {
          "executable": "mDiffFit",
          "args": ""
        }
      },
      "ins": [
        4,
        12,
        13,
        6,
        7
      ],
      "outs": [
        26,
        27
      ],
      "runtime": "10.45"
    },
    {
      "name": "mDiffFit",
      "function": "command_print",
      "type": "dataflow",
      "executor": "syscommand",
      "firingLimit": 1,
      "config": {
        "executor": {
          "executable": "mDiffFit",
          "args": ""
        }
      },
      "ins": [
        4,
        12,
        13,
        24,
        25
      ],
      "outs": [
        26,
        27
      ],
      "runtime": "10.59"
    },
    {
      "name": "mDiffFit",
      "function": "command_print",
      "type": "dataflow",
      "executor": "syscommand",
      "firingLimit": 1,
      "config": {
        "executor": {
          "executable": "mDiffFit",
          "args": ""
        }
      },
      "ins": [
        4,
        15,
        16,
        2,
        3
      ],
      "outs": [
        26,
        27
      ],
      "runtime": "10.78"
    },
    {
      "name": "mDiffFit",
      "function": "command_print",
      "type": "dataflow",
      "executor": "syscommand",
      "firingLimit": 1,
      "config": {
        "executor": {
          "executable": "mDiffFit",
          "args": ""
        }
      },
      "ins": [
        4,
        18,
        19,
        9,
        10
      ],
      "outs": [
        26,
        27
      ],
      "runtime": "10.76"
    },
    {
      "name": "mDiffFit",
      "function": "command_print",
      "type": "dataflow",
      "executor": "syscommand",
      "firingLimit": 1,
      "config": {
        "executor": {
          "executable": "mDiffFit",
          "args": ""
        }
      },
      "ins": [
        4,
        18,
        19,
        12,
        13
      ],
      "outs": [
        26,
        27
      ],
      "runtime": "10.70"
    },
    {
      "name": "mDiffFit",
      "function": "command_print",
      "type": "dataflow",
      "executor": "syscommand",
      "firingLimit": 1,
      "config": {
        "executor": {
          "executable": "mDiffFit",
          "args": ""
        }
      },
      "ins": [
        4,
        18,
        19,
        15,
        16
      ],
      "outs": [
        26,
        27
      ],
      "runtime": "10.36"
    },
    {
      "name": "mDiffFit",
      "function": "command_print",
      "type": "dataflow",
      "executor": "syscommand",
      "firingLimit": 1,
      "config": {
        "executor": {
          "executable": "mDiffFit",
          "args": ""
        }
      },
      "ins": [
        4,
        18,
        19,
        21,
        22
      ],
      "outs": [
        26,
        27
      ],
      "runtime": "10.45"
    },
    {
      "name": "mDiffFit",
      "function": "command_print",
      "type": "dataflow",
      "executor": "syscommand",
      "firingLimit": 1,
      "config": {
        "executor": {
          "executable": "mDiffFit",
          "args": ""
        }
      },
      "ins": [
        4,
        18,
        19,
        24,
        25
      ],
      "outs": [
        26,
        27
      ],
      "runtime": "10.67"
    },
    {
      "name": "mDiffFit",
      "function": "command_print",
      "type": "dataflow",
      "executor": "syscommand",
      "firingLimit": 1,
      "config": {
        "executor": {
          "executable": "mDiffFit",
          "args": ""
        }
      },
      "ins": [
        4,
        21,
        22,
        9,
        10
      ],
      "outs": [
        26,
        27
      ],
      "runtime": "10.54"
    },
    {
      "name": "mDiffFit",
      "function": "command_print",
      "type": "dataflow",
      "executor": "syscommand",
      "firingLimit": 1,
      "config": {
        "executor": {
          "executable": "mDiffFit",
          "args": ""
        }
      },
      "ins": [
        4,
        21,
        22,
        18,
        19
      ],
      "outs": [
        26,
        27
      ],
      "runtime": "10.63"
    },
    {
      "name": "mDiffFit",
      "function": "command_print",
      "type": "dataflow",
      "executor": "syscommand",
      "firingLimit": 1,
      "config": {
        "executor": {
          "executable": "mDiffFit",
          "args": ""
        }
      },
      "ins": [
        4,
        24,
        25,
        9,
        10
      ],
      "outs": [
        26,
        27
      ],
      "runtime": "10.72"
    },
    {
      "name": "mDiffFit",
      "function": "command_print",
      "type": "dataflow",
      "executor": "syscommand",
      "firingLimit": 1,
      "config": {
        "executor": {
          "executable": "mDiffFit",
          "args": ""
        }
      },
      "ins": [
        4,
        24,
        25,
        12,
        13
      ],
      "outs": [
        26,
        27
      ],
      "runtime": "10.46"
    },
    {
      "name": "mDiffFit",
      "function": "command_print",
      "type": "dataflow",
      "executor": "syscommand",
      "firingLimit": 1,
      "config": {
        "executor": {
          "executable": "mDiffFit",
          "args": ""
        }
      },
      "ins": [
        4,
        24,
        25,
        15,
        16
      ],
      "outs": [
        26,
        27
      ],
      "runtime": "10.57"
    },
    {
      "name": "mDiffFit",
      "function": "command_print",
      "type": "dataflow",
      "executor": "syscommand",
      "firingLimit": 1,
      "config": {
        "executor": {
          "executable": "mDiffFit",
          "args": ""
        }
      },
      "ins": [
        4,
        24,
        25,
        18,
        19
      ],
      "outs": [
        26,
        27
      ],
      "runtime": "10.57"
    },
    {
      "name": "mDiffFit",
      "function": "command_print",
      "type": "dataflow",
      "executor": "syscommand",
      "firingLimit": 1,
      "config": {
        "executor": {
          "executable": "mDiffFit",
          "args": ""
        }
      },
      "ins": [
        4,
        24,
        25,
        21,
        22
      ],
      "outs": [
        26,
        27
      ],
      "runtime": "10.68"
    },
    {
      "name": "mDiffFit",
      "function": "command_print",
      "type": "dataflow",
      "executor": "syscommand",
      "firingLimit": 1,
      "config": {
        "executor": {
          "executable": "mDiffFit",
          "args": ""
        }
      },
      "ins": [
        4,
        24,
        25
      ],
      "outs": [
        26,
        27
      ],
      "runtime": "10.57"
    },
    {
      "name": "mConcatFit",
      "function": "command_print",
      "type": "dataflow",
      "executor": "syscommand",
      "firingLimit": 1,
      "config": {
        "executor": {
          "executable": "mConcatFit",
          "args": ""
        }
      },
      "ins": [
        28,
        26,
        27
      ],
      "outs": [
        29
      ],
      "runtime": "2.24"
    },
    {
      "name": "mBgModel",
      "function": "command_print",
      "type": "dataflow",
      "executor": "syscommand",
      "firingLimit": 1,
      "config": {
        "executor": {
          "executable": "mBgModel",
          "args": ""
        }
      },
      "ins": [
        30,
        29
      ],
      "outs": [
        31
      ],
      "runtime": "3.74"
    },
    {
      "name": "mBackground",
      "function": "command_print",
      "type": "dataflow",
      "executor": "syscommand",
      "firingLimit": 1,
      "config": {
        "executor": {
          "executable": "mBackground",
          "args": ""
        }
      },
      "ins": [
        31,
        2,
        3
      ],
      "outs": [
        32,
        33
      ],
      "runtime": "10.78"
    },
    {
      "name": "mBackground",
      "function": "command_print",
      "type": "dataflow",
      "executor": "syscommand",
      "firingLimit": 1,
      "config": {
        "executor": {
          "executable": "mBackground",
          "args": ""
        }
      },
      "ins": [
        31,
        6,
        7
      ],
      "outs": [
        34,
        35
      ],
      "runtime": "10.76"
    },
    {
      "name": "mBackground",
      "function": "command_print",
      "type": "dataflow",
      "executor": "syscommand",
      "firingLimit": 1,
      "config": {
        "executor": {
          "executable": "mBackground",
          "args": ""
        }
      },
      "ins": [
        31,
        9,
        10
      ],
      "outs": [
        36,
        37
      ],
      "runtime": "10.60"
    },
    {
      "name": "mBackground",
      "function": "command_print",
      "type": "dataflow",
      "executor": "syscommand",
      "firingLimit": 1,
      "config": {
        "executor": {
          "executable": "mBackground",
          "args": ""
        }
      },
      "ins": [
        31,
        12,
        13
      ],
      "outs": [
        38,
        39
      ],
      "runtime": "10.86"
    },
    {
      "name": "mBackground",
      "function": "command_print",
      "type": "dataflow",
      "executor": "syscommand",
      "firingLimit": 1,
      "config": {
        "executor": {
          "executable": "mBackground",
          "args": ""
        }
      },
      "ins": [
        31,
        15,
        16
      ],
      "outs": [
        40,
        41
      ],
      "runtime": "10.63"
    },
    {
      "name": "mBackground",
      "function": "command_print",
      "type": "dataflow",
      "executor": "syscommand",
      "firingLimit": 1,
      "config": {
        "executor": {
          "executable": "mBackground",
          "args": ""
        }
      },
      "ins": [
        31,
        18,
        19
      ],
      "outs": [
        42,
        43
      ],
      "runtime": "10.73"
    },
    {
      "name": "mBackground",
      "function": "command_print",
      "type": "dataflow",
      "executor": "syscommand",
      "firingLimit": 1,
      "config": {
        "executor": {
          "executable": "mBackground",
          "args": ""
        }
      },
      "ins": [
        31,
        21,
        22
      ],
      "outs": [
        44,
        45
      ],
      "runtime": "10.73"
    },
    {
      "name": "mBackground",
      "function": "command_print",
      "type": "dataflow",
      "executor": "syscommand",
      "firingLimit": 1,
      "config": {
        "executor": {
          "executable": "mBackground",
          "args": ""
        }
      },
      "ins": [
        31,
        24,
        25
      ],
      "outs": [
        46,
        47
      ],
      "runtime": "10.55"
    },
    {
      "name": "mImgTbl",
      "function": "command_print",
      "type": "dataflow",
      "executor": "syscommand",
      "firingLimit": 1,
      "config": {
        "executor": {
          "executable": "mImgTbl",
          "args": ""
        }
      },
      "ins": [
        48,
        32,
        33,
        34,
        35,
        36,
        37,
        38,
        39,
        40,
        41,
        42,
        43,
        44,
        45,
        46,
        47
      ],
      "outs": [
        49
      ],
      "runtime": "3.55"
    },
    {
      "name": "mAdd",
      "function": "command_print",
      "type": "dataflow",
      "executor": "syscommand",
      "firingLimit": 1,
      "config": {
        "executor": {
          "executable": "mAdd",
          "args": ""
        }
      },
      "ins": [
        4,
        49
      ],
      "outs": [
        50,
        51
      ],
      "runtime": "4.84"
    },
    {
      "name": "mShrink",
      "function": "command_print",
      "type": "dataflow",
      "executor": "syscommand",
      "firingLimit": 1,
      "config": {
        "executor": {
          "executable": "mShrink",
          "args": ""
        }
      },
      "ins": [
        50,
        51
      ],
      "outs": [
        52
      ],
      "runtime": "4.88"
    },
    {
      "name": "mJPEG",
      "function": "command_print",
      "type": "dataflow",
      "executor": "syscommand",
      "firingLimit": 1,
      "config": {
        "executor": {
          "executable": "mJPEG",
          "args": ""
        }
      },
      "ins": [
        52
      ],
      "outs": [
        53
      ],
      "runtime": "0.46"
    }
  ],
  "data": [
    {
      "name": "region.hdr",
      "size": "304"
    },
    {
      "name": "2mass-atlas-ID00000s-jID00000.fits",
      "size": "4222080"
    },
    {
      "name": "p2mass-atlas-ID00000s-jID00000.fits",
      "size": "4154217"
    },
    {
      "name": "p2mass-atlas-ID00000s-jID00000_area.fits",
      "size": "4154217"
    },
    {
      "name": "region.hdr",
      "size": "304"
    },
    {
      "name": "2mass-atlas-ID00001s-jID00001.fits",
      "size": "4222080"
    },
    {
      "name": "p2mass-atlas-ID00001s-jID00001.fits",
      "size": "4163759"
    },
    {
      "name": "p2mass-atlas-ID00001s-jID00001_area.fits",
      "size": "4163759"
    },
    {
      "name": "2mass-atlas-ID00002s-jID00002.fits",
      "size": "4222080"
    },
    {
      "name": "p2mass-atlas-ID00002s-jID00002.fits",
      "size": "4166750"
    },
    {
      "name": "p2mass-atlas-ID00002s-jID00002_area.fits",
      "size": "4166750"
    },
    {
      "name": "2mass-atlas-ID00003s-jID00003.fits",
      "size": "4222080"
    },
    {
      "name": "p2mass-atlas-ID00003s-jID00003.fits",
      "size": "4154971"
    },
    {
      "name": "p2mass-atlas-ID00003s-jID00003_area.fits",
      "size": "4154971"
    },
    {
      "name": "2mass-atlas-ID00004s-jID00004.fits",
      "size": "4222080"
    },
    {
      "name": "p2mass-atlas-ID00004s-jID00004.fits",
      "size": "4154108"
    },
    {
      "name": "p2mass-atlas-ID00004s-jID00004_area.fits",
      "size": "4154108"
    },
    {
      "name": "2mass-atlas-ID00005s-jID00005.fits",
      "size": "4222080"
    },
    {
      "name": "p2mass-atlas-ID00005s-jID00005.fits",
      "size": "4147410"
    },
    {
      "name": "p2mass-atlas-ID00005s-jID00005_area.fits",
      "size": "4147410"
    },
    {
      "name": "2mass-atlas-ID00006s-jID00006.fits",
      "size": "4222080"
    },
    {
      "name": "p2mass-atlas-ID00006s-jID00006.fits",
      "size": "4168715"
    },
    {
      "name": "p2mass-atlas-ID00006s-jID00006_area.fits",
      "size": "4168715"
    },
    {
      "name": "2mass-atlas-ID00007s-jID00007.fits",
      "size": "4222080"
    },
    {
      "name": "p2mass-atlas-ID00007s-jID00007.fits",
      "size": "4163853"
    },
    {
      "name": "p2mass-atlas-ID00007s-jID00007_area.fits",
      "size": "4163853"
    },
    {
      "name": "fit.txt",
      "size": "268"
    },
    {
      "name": "diff.txt",
      "size": "299600"
    },
    {
      "name": "fits_list.tbl",
      "size": "763"
    },
    {
      "name": "fits.tbl",
      "size": "5878"
    },
    {
      "name": "pimages.tbl",
      "size": "1340"
    },
    {
      "name": "corrections.tbl",
      "size": "425"
    },
    {
      "name": "c2mass-atlas-ID00000s-jID00000_area.fits",
      "size": "4154217"
    },
    {
      "name": "c2mass-atlas-ID00000s-jID00000.fits",
      "size": "4154217"
    },
    {
      "name": "c2mass-atlas-ID00001s-jID00001_area.fits",
      "size": "4163759"
    },
    {
      "name": "c2mass-atlas-ID00001s-jID00001.fits",
      "size": "4163759"
    },
    {
      "name": "c2mass-atlas-ID00002s-jID00002_area.fits",
      "size": "4166750"
    },
    {
      "name": "c2mass-atlas-ID00002s-jID00002.fits",
      "size": "4166750"
    },
    {
      "name": "c2mass-atlas-ID00003s-jID00003.fits",
      "size": "4154971"
    },
    {
      "name": "c2mass-atlas-ID00003s-jID00003_area.fits",
      "size": "4154971"
    },
    {
      "name": "c2mass-atlas-ID00004s-jID00004.fits",
      "size": "4154108"
    },
    {
      "name": "c2mass-atlas-ID00004s-jID00004_area.fits",
      "size": "4154108"
    },
    {
      "name": "c2mass-atlas-ID00005s-jID00005_area.fits",
      "size": "4147410"
    },
    {
      "name": "c2mass-atlas-ID00005s-jID00005.fits",
      "size": "4147410"
    },
    {
      "name": "c2mass-atlas-ID00006s-jID00006_area.fits",
      "size": "4168715"
    },
    {
      "name": "c2mass-atlas-ID00006s-jID00006.fits",
      "size": "4168715"
    },
    {
      "name": "c2mass-atlas-ID00007s-jID00007.fits",
      "size": "4163853"
    },
    {
      "name": "c2mass-atlas-ID00007s-jID00007_area.fits",
      "size": "4163853"
    },
    {
      "name": "cimages.tbl",
      "size": "1340"
    },
    {
      "name": "newcimages.tbl",
      "size": "2799"
    },
    {
      "name": "mosaic_ID00047_ID00047.fits",
      "size": "54937940"
    },
    {
      "name": "mosaic_ID00047_ID00047_area.fits",
      "size": "54937940"
    },
    {
      "name": "shrunken_ID00048_ID00048.fits",
      "size": "2198396"
    },
    {
      "name": "shrunken_ID00048_ID00048.jpg",
      "size": "229551"
    }
  ],
  "ins": [
    0,
    1,
    4,
    5,
    8,
    11,
    14,
    17,
    20,
    23,
    28,
    30,
    48
  ],
  "outs": [
    53
  ]
}
