{
  "functions": [
    {
      "name": "command_print",
      "module": "functions"
    }
  ],
  "tasks": [
    {
      "name": "mProjectPP",
      "function": "command_print",
      "type": "dataflow",
      "executor": "syscommand",
      "firingLimit": 1,
      "config": {
        "executor": {
          "executable": "mProjectPP",
          "args": ""
        }
      },
      "ins": [
        0,
        1
      ],
      "outs": [
        2,
        3
      ],
      "runtime": "13.49"
    },
    {
      "name": "mProjectPP",
      "function": "command_print",
      "type": "dataflow",
      "executor": "syscommand",
      "firingLimit": 1,
      "config": {
        "executor": {
          "executable": "mProjectPP",
          "args": ""
        }
      },
      "ins": [
        4,
        5
      ],
      "outs": [
        6,
        7
      ],
      "runtime": "13.27"
    },
    {
      "name": "mProjectPP",
      "function": "command_print",
      "type": "dataflow",
      "executor": "syscommand",
      "firingLimit": 1,
      "config": {
        "executor": {
          "executable": "mProjectPP",
          "args": ""
        }
      },
      "ins": [
        4,
        8
      ],
      "outs": [
        9,
        10
      ],
      "runtime": "13.70"
    },
    {
      "name": "mProjectPP",
      "function": "command_print",
      "type": "dataflow",
      "executor": "syscommand",
      "firingLimit": 1,
      "config": {
        "executor": {
          "executable": "mProjectPP",
          "args": ""
        }
      },
      "ins": [
        4,
        11
      ],
      "outs": [
        12,
        13
      ],
      "runtime": "13.83"
    },
    {
      "name": "mProjectPP",
      "function": "command_print",
      "type": "dataflow",
      "executor": "syscommand",
      "firingLimit": 1,
      "config": {
        "executor": {
          "executable": "mProjectPP",
          "args": ""
        }
      },
      "ins": [
        4,
        14
      ],
      "outs": [
        15,
        16
      ],
      "runtime": "13.22"
    },
    {
      "name": "mProjectPP",
      "function": "command_print",
      "type": "dataflow",
      "executor": "syscommand",
      "firingLimit": 1,
      "config": {
        "executor": {
          "executable": "mProjectPP",
          "args": ""
        }
      },
      "ins": [
        4,
        17
      ],
      "outs": [
        18,
        19
      ],
      "runtime": "13.34"
    },
    {
      "name": "mProjectPP",
      "function": "command_print",
      "type": "dataflow",
      "executor": "syscommand",
      "firingLimit": 1,
      "config": {
        "executor": {
          "executable": "mProjectPP",
          "args": ""
        }
      },
      "ins": [
        4,
        20
      ],
      "outs": [
        21,
        22
      ],
      "runtime": "13.69"
    },
    {
      "name": "mProjectPP",
      "function": "command_print",
      "type": "dataflow",
      "executor": "syscommand",
      "firingLimit": 1,
      "config": {
        "executor": {
          "executable": "mProjectPP",
          "args": ""
        }
      },
      "ins": [
        4,
        23
      ],
      "outs": [
        24,
        25
      ],
      "runtime": "13.60"
    },
    {
      "name": "mProjectPP",
      "function": "command_print",
      "type": "dataflow",
      "executor": "syscommand",
      "firingLimit": 1,
      "config": {
        "executor": {
          "executable": "mProjectPP",
          "args": ""
        }
      },
      "ins": [
        4,
        26
      ],
      "outs": [
        27,
        28
      ],
      "runtime": "13.96"
    },
    {
      "name": "mProjectPP",
      "function": "command_print",
      "type": "dataflow",
      "executor": "syscommand",
      "firingLimit": 1,
      "config": {
        "executor": {
          "executable": "mProjectPP",
          "args": ""
        }
      },
      "ins": [
        4,
        29
      ],
      "outs": [
        30,
        31
      ],
      "runtime": "13.21"
    },
    {
      "name": "mProjectPP",
      "function": "command_print",
      "type": "dataflow",
      "executor": "syscommand",
      "firingLimit": 1,
      "config": {
        "executor": {
          "executable": "mProjectPP",
          "args": ""
        }
      },
      "ins": [
        4,
        32
      ],
      "outs": [
        33,
        34
      ],
      "runtime": "13.97"
    },
    {
      "name": "mProjectPP",
      "function": "command_print",
      "type": "dataflow",
      "executor": "syscommand",
      "firingLimit": 1,
      "config": {
        "executor": {
          "executable": "mProjectPP",
          "args": ""
        }
      },
      "ins": [
        4,
        35
      ],
      "outs": [
        36,
        37
      ],
      "runtime": "13.29"
    },
    {
      "name": "mProjectPP",
      "function": "command_print",
      "type": "dataflow",
      "executor": "syscommand",
      "firingLimit": 1,
      "config": {
        "executor": {
          "executable": "mProjectPP",
          "args": ""
        }
      },
      "ins": [
        4,
        38
      ],
      "outs": [
        39,
        40
      ],
      "runtime": "13.16"
    },
    {
      "name": "mProjectPP",
      "function": "command_print",
      "type": "dataflow",
      "executor": "syscommand",
      "firingLimit": 1,
      "config": {
        "executor": {
          "executable": "mProjectPP",
          "args": ""
        }
      },
      "ins": [
        4,
        41
      ],
      "outs": [
        42,
        43
      ],
      "runtime": "13.43"
    },
    {
      "name": "mProjectPP",
      "function": "command_print",
      "type": "dataflow",
      "executor": "syscommand",
      "firingLimit": 1,
      "config": {
        "executor": {
          "executable": "mProjectPP",
          "args": ""
        }
      },
      "ins": [
        4,
        44
      ],
      "outs": [
        45,
        46
      ],
      "runtime": "13.68"
    },
    {
      "name": "mProjectPP",
      "function": "command_print",
      "type": "dataflow",
      "executor": "syscommand",
      "firingLimit": 1,
      "config": {
        "executor": {
          "executable": "mProjectPP",
          "args": ""
        }
      },
      "ins": [
        4,
        47
      ],
      "outs": [
        48,
        49
      ],
      "runtime": "13.51"
    },
    {
      "name": "mDiffFit",
      "function": "command_print",
      "type": "dataflow",
      "executor": "syscommand",
      "firingLimit": 1,
      "config": {
        "executor": {
          "executable": "mDiffFit",
          "args": ""
        }
      },
      "ins": [
        4,
        2,
        3,
        12,
        13
      ],
      "outs": [
        50,
        51
      ],
      "runtime": "10.60"
    },
    {
      "name": "mDiffFit",
      "function": "command_print",
      "type": "dataflow",
      "executor": "syscommand",
      "firingLimit": 1,
      "config": {
        "executor": {
          "executable": "mDiffFit",
          "args": ""
        }
      },
      "ins": [
        4,
        2,
        3,
        15,
        16
      ],
      "outs": [
        50,
        51
      ],
      "runtime": "10.61"
    },
    {
      "name": "mDiffFit",
      "function": "command_print",
      "type": "dataflow",
      "executor": "syscommand",
      "firingLimit": 1,
      "config": {
        "executor": {
          "executable": "mDiffFit",
          "args": ""
        }
      },
      "ins": [
        4,
        2,
        3,
        33,
        34
      ],
      "outs": [
        50,
        51
      ],
      "runtime": "10.48"
    },
    {
      "name": "mDiffFit",
      "function": "command_print",
      "type": "dataflow",
      "executor": "syscommand",
      "firingLimit": 1,
      "config": {
        "executor": {
          "executable": "mDiffFit",
          "args": ""
        }
      },
      "ins": [
        4,
        2,
        3,
        39,
        40
      ],
      "outs": [
        50,
        51
      ],
      "runtime": "10.49"
    },
    {
      "name": "mDiffFit",
      "function": "command_print",
      "type": "dataflow",
      "executor": "syscommand",
      "firingLimit": 1,
      "config": {
        "executor": {
          "executable": "mDiffFit",
          "args": ""
        }
      },
      "ins": [
        4,
        6,
        7,
        2,
        3
      ],
      "outs": [
        50,
        51
      ],
      "runtime": "10.60"
    },
    {
      "name": "mDiffFit",
      "function": "command_print",
      "type": "dataflow",
      "executor": "syscommand",
      "firingLimit": 1,
      "config": {
        "executor": {
          "executable": "mDiffFit",
          "args": ""
        }
      },
      "ins": [
        4,
        6,
        7,
        9,
        10
      ],
      "outs": [
        50,
        51
      ],
      "runtime": "10.59"
    },
    {
      "name": "mDiffFit",
      "function": "command_print",
      "type": "dataflow",
      "executor": "syscommand",
      "firingLimit": 1,
      "config": {
        "executor": {
          "executable": "mDiffFit",
          "args": ""
        }
      },
      "ins": [
        4,
        6,
        7,
        15,
        16
      ],
      "outs": [
        50,
        51
      ],
      "runtime": "10.68"
    },
    {
      "name": "mDiffFit",
      "function": "command_print",
      "type": "dataflow",
      "executor": "syscommand",
      "firingLimit": 1,
      "config": {
        "executor": {
          "executable": "mDiffFit",
          "args": ""
        }
      },
      "ins": [
        4,
        6,
        7,
        21,
        22
      ],
      "outs": [
        50,
        51
      ],
      "runtime": "10.66"
    },
    {
      "name": "mDiffFit",
      "function": "command_print",
      "type": "dataflow",
      "executor": "syscommand",
      "firingLimit": 1,
      "config": {
        "executor": {
          "executable": "mDiffFit",
          "args": ""
        }
      },
      "ins": [
        4,
        6,
        7,
        30,
        31
      ],
      "outs": [
        50,
        51
      ],
      "runtime": "10.69"
    },
    {
      "name": "mDiffFit",
      "function": "command_print",
      "type": "dataflow",
      "executor": "syscommand",
      "firingLimit": 1,
      "config": {
        "executor": {
          "executable": "mDiffFit",
          "args": ""
        }
      },
      "ins": [
        4,
        6,
        7,
        42,
        43
      ],
      "outs": [
        50,
        51
      ],
      "runtime": "10.56"
    },
    {
      "name": "mDiffFit",
      "function": "command_print",
      "type": "dataflow",
      "executor": "syscommand",
      "firingLimit": 1,
      "config": {
        "executor": {
          "executable": "mDiffFit",
          "args": ""
        }
      },
      "ins": [
        4,
        9,
        10
      ],
      "outs": [
        50,
        51
      ],
      "runtime": "10.49"
    },
    {
      "name": "mDiffFit",
      "function": "command_print",
      "type": "dataflow",
      "executor": "syscommand",
      "firingLimit": 1,
      "config": {
        "executor": {
          "executable": "mDiffFit",
          "args": ""
        }
      },
      "ins": [
        4,
        9,
        10,
        12,
        13
      ],
      "outs": [
        50,
        51
      ],
      "runtime": "10.62"
    },
    {
      "name": "mDiffFit",
      "function": "command_print",
      "type": "dataflow",
      "executor": "syscommand",
      "firingLimit": 1,
      "config": {
        "executor": {
          "executable": "mDiffFit",
          "args": ""
        }
      },
      "ins": [
        4,
        9,
        10,
        15,
        16
      ],
      "outs": [
        50,
        51
      ],
      "runtime": "10.63"
    },
    {
      "name": "mDiffFit",
      "function": "command_print",
      "type": "dataflow",
      "executor": "syscommand",
      "firingLimit": 1,
      "config": {
        "executor": {
          "executable": "mDiffFit",
          "args": ""
        }
      },
      "ins": [
        4,
        9,
        10,
        18,
        19
      ],
      "outs": [
        50,
        51
      ],
      "runtime": "10.40"
    },
    {
      "name": "mDiffFit",
      "function": "command_print",
      "type": "dataflow",
      "executor": "syscommand",
      "firingLimit": 1,
      "config": {
        "executor": {
          "executable": "mDiffFit",
          "args": ""
        }
      },
      "ins": [
        4,
        9,
        10,
        33,
        34
      ],
      "outs": [
        50,
        51
      ],
      "runtime": "10.47"
    },
    {
      "name": "mDiffFit",
      "function": "command_print",
      "type": "dataflow",
      "executor": "syscommand",
      "firingLimit": 1,
      "config": {
        "executor": {
          "executable": "mDiffFit",
          "args": ""
        }
      },
      "ins": [
        4,
        9,
        10,
        39,
        40
      ],
      "outs": [
        50,
        51
      ],
      "runtime": "10.49"
    },
    {
      "name": "mDiffFit",
      "function": "command_print",
      "type": "dataflow",
      "executor": "syscommand",
      "firingLimit": 1,
      "config": {
        "executor": {
          "executable": "mDiffFit",
          "args": ""
        }
      },
      "ins": [
        4,
        9,
        10,
        48,
        49
      ],
      "outs": [
        50,
        51
      ],
      "runtime": "10.77"
    },
    {
      "name": "mDiffFit",
      "function": "command_print",
      "type": "dataflow",
      "executor": "syscommand",
      "firingLimit": 1,
      "config": {
        "executor": {
          "executable": "mDiffFit",
          "args": ""
        }
      },
      "ins": [
        4,
        12,
        13,
        30,
        31
      ],
      "outs": [
        50,
        51
      ],
      "runtime": "10.47"
    },
    {
      "name": "mDiffFit",
      "function": "command_print",
      "type": "dataflow",
      "executor": "syscommand",
      "firingLimit": 1,
      "config": {
        "executor": {
          "executable": "mDiffFit",
          "args": ""
        }
      },
      "ins": [
        4,
        15,
        16,
        6,
        7
      ],
      "outs": [
        50,
        51
      ],
      "runtime": "10.48"
    },
    {
      "name": "mDiffFit",
      "function": "command_print",
      "type": "dataflow",
      "executor": "syscommand",
      "firingLimit": 1,
      "config": {
        "executor": {
          "executable": "mDiffFit",
          "args": ""
        }
      },
      "ins": [
        4,
        15,
        16,
        12,
        13
      ],
      "outs": [
        50,
        51
      ],
      "runtime": "10.48"
    },
    {
      "name": "mDiffFit",
      "function": "command_print",
      "type": "dataflow",
      "executor": "syscommand",
      "firingLimit": 1,
      "config": {
        "executor": {
          "executable": "mDiffFit",
          "args": ""
        }
      },
      "ins": [
        4,
        15,
        16,
        24,
        25
      ],
      "outs": [
        50,
        51
      ],
      "runtime": "10.84"
    },
    {
      "name": "mDiffFit",
      "function": "command_print",
      "type": "dataflow",
      "executor": "syscommand",
      "firingLimit": 1,
      "config": {
        "executor": {
          "executable": "mDiffFit",
          "args": ""
        }
      },
      "ins": [
        4,
        15,
        16,
        48,
        49
      ],
      "outs": [
        50,
        51
      ],
      "runtime": "10.64"
    },
    {
      "name": "mDiffFit",
      "function": "command_print",
      "type": "dataflow",
      "executor": "syscommand",
      "firingLimit": 1,
      "config": {
        "executor": {
          "executable": "mDiffFit",
          "args": ""
        }
      },
      "ins": [
        4,
        18,
        19,
        2,
        3
      ],
      "outs": [
        50,
        51
      ],
      "runtime": "10.51"
    },
    {
      "name": "mDiffFit",
      "function": "command_print",
      "type": "dataflow",
      "executor": "syscommand",
      "firingLimit": 1,
      "config": {
        "executor": {
          "executable": "mDiffFit",
          "args": ""
        }
      },
      "ins": [
        4,
        18,
        19,
        9,
        10
      ],
      "outs": [
        50,
        51
      ],
      "runtime": "10.68"
    },
    {
      "name": "mDiffFit",
      "function": "command_print",
      "type": "dataflow",
      "executor": "syscommand",
      "firingLimit": 1,
      "config": {
        "executor": {
          "executable": "mDiffFit",
          "args": ""
        }
      },
      "ins": [
        4,
        18,
        19,
        30,
        31
      ],
      "outs": [
        50,
        51
      ],
      "runtime": "10.47"
    },
    {
      "name": "mDiffFit",
      "function": "command_print",
      "type": "dataflow",
      "executor": "syscommand",
      "firingLimit": 1,
      "config": {
        "executor": {
          "executable": "mDiffFit",
          "args": ""
        }
      },
      "ins": [
        4,
        18,
        19,
        33,
        34
      ],
      "outs": [
        50,
        51
      ],
      "runtime": "10.72"
    },
    {
      "name": "mDiffFit",
      "function": "command_print",
      "type": "dataflow",
      "executor": "syscommand",
      "firingLimit": 1,
      "config": {
        "executor": {
          "executable": "mDiffFit",
          "args": ""
        }
      },
      "ins": [
        4,
        18,
        19,
        39,
        40
      ],
      "outs": [
        50,
        51
      ],
      "runtime": "10.68"
    },
    {
      "name": "mDiffFit",
      "function": "command_print",
      "type": "dataflow",
      "executor": "syscommand",
      "firingLimit": 1,
      "config": {
        "executor": {
          "executable": "mDiffFit",
          "args": ""
        }
      },
      "ins": [
        4,
        21,
        22,
        33,
        34
      ],
      "outs": [
        50,
        51
      ],
      "runtime": "10.49"
    },
    {
      "name": "mDiffFit",
      "function": "command_print",
      "type": "dataflow",
      "executor": "syscommand",
      "firingLimit": 1,
      "config": {
        "executor": {
          "executable": "mDiffFit",
          "args": ""
        }
      },
      "ins": [
        4,
        21,
        22,
        45,
        46
      ],
      "outs": [
        50,
        51
      ],
      "runtime": "10.62"
    },
    {
      "name": "mDiffFit",
      "function": "command_print",
      "type": "dataflow",
      "executor": "syscommand",
      "firingLimit": 1,
      "config": {
        "executor": {
          "executable": "mDiffFit",
          "args": ""
        }
      },
      "ins": [
        4,
        24,
        25,
        18,
        19
      ],
      "outs": [
        50,
        51
      ],
      "runtime": "10.68"
    },
    {
      "name": "mDiffFit",
      "function": "command_print",
      "type": "dataflow",
      "executor": "syscommand",
      "firingLimit": 1,
      "config": {
        "executor": {
          "executable": "mDiffFit",
          "args": ""
        }
      },
      "ins": [
        4,
        24,
        25,
        21,
        22
      ],
      "outs": [
        50,
        51
      ],
      "runtime": "10.63"
    },
    {
      "name": "mDiffFit",
      "function": "command_print",
      "type": "dataflow",
      "executor": "syscommand",
      "firingLimit": 1,
      "config": {
        "executor": {
          "executable": "mDiffFit",
          "args": ""
        }
      },
      "ins": [
        4,
        24,
        25,
        39,
        40
      ],
      "outs": [
        50,
        51
      ],
      "runtime": "10.68"
    },
    {
      "name": "mDiffFit",
      "function": "command_print",
      "type": "dataflow",
      "executor": "syscommand",
      "firingLimit": 1,
      "config": {
        "executor": {
          "executable": "mDiffFit",
          "args": ""
        }
      },
      "ins": [
        4,
        27,
        28,
        2,
        3
      ],
      "outs": [
        50,
        51
      ],
      "runtime": "10.61"
    },
    {
      "name": "mDiffFit",
      "function": "command_print",
      "type": "dataflow",
      "executor": "syscommand",
      "firingLimit": 1,
      "config": {
        "executor": {
          "executable": "mDiffFit",
          "args": ""
        }
      },
      "ins": [
        4,
        27,
        28,
        6,
        7
      ],
      "outs": [
        50,
        51
      ],
      "runtime": "10.59"
    },
    {
      "name": "mDiffFit",
      "function": "command_print",
      "type": "dataflow",
      "executor": "syscommand",
      "firingLimit": 1,
      "config": {
        "executor": {
          "executable": "mDiffFit",
          "args": ""
        }
      },
      "ins": [
        4,
        27,
        28,
        18,
        19
      ],
      "outs": [
        50,
        51
      ],
      "runtime": "10.51"
    },
    {
      "name": "mDiffFit",
      "function": "command_print",
      "type": "dataflow",
      "executor": "syscommand",
      "firingLimit": 1,
      "config": {
        "executor": {
          "executable": "mDiffFit",
          "args": ""
        }
      },
      "ins": [
        4,
        27,
        28,
        21,
        22
      ],
      "outs": [
        50,
        51
      ],
      "runtime": "10.76"
    },
    {
      "name": "mDiffFit",
      "function": "command_print",
      "type": "dataflow",
      "executor": "syscommand",
      "firingLimit": 1,
      "config": {
        "executor": {
          "executable": "mDiffFit",
          "args": ""
        }
      },
      "ins": [
        4,
        27,
        28
      ],
      "outs": [
        50,
        51
      ],
      "runtime": "10.56"
    },
    {
      "name": "mDiffFit",
      "function": "command_print",
      "type": "dataflow",
      "executor": "syscommand",
      "firingLimit": 1,
      "config": {
        "executor": {
          "executable": "mDiffFit",
          "args": ""
        }
      },
      "ins": [
        4,
        30,
        31,
        2,
        3
      ],
      "outs": [
        50,
        51
      ],
      "runtime": "10.41"
    },
    {
      "name": "mDiffFit",
      "function": "command_print",
      "type": "dataflow",
      "executor": "syscommand",
      "firingLimit": 1,
      "config": {
        "executor": {
          "executable": "mDiffFit",
          "args": ""
        }
      },
      "ins": [
        4,
        30,
        31
      ],
      "outs": [
        50,
        51
      ],
      "runtime": "10.64"
    },
    {
      "name": "mDiffFit",
      "function": "command_print",
      "type": "dataflow",
      "executor": "syscommand",
      "firingLimit": 1,
      "config": {
        "executor": {
          "executable": "mDiffFit",
          "args": ""
        }
      },
      "ins": [
        4,
        30,
        31,
        45,
        46
      ],
      "outs": [
        50,
        51
      ],
      "runtime": "10.56"
    },
    {
      "name": "mDiffFit",
      "function": "command_print",
      "type": "dataflow",
      "executor": "syscommand",
      "firingLimit": 1,
      "config": {
        "executor": {
          "executable": "mDiffFit",
          "args": ""
        }
      },
      "ins": [
        4,
        33,
        34,
        2,
        3
      ],
      "outs": [
        50,
        51
      ],
      "runtime": "10.63"
    },
    {
      "name": "mDiffFit",
      "function": "command_print",
      "type": "dataflow",
      "executor": "syscommand",
      "firingLimit": 1,
      "config": {
        "executor": {
          "executable": "mDiffFit",
          "args": ""
        }
      },
      "ins": [
        4,
        33,
        34,
        24,
        25
      ],
      "outs": [
        50,
        51
      ],
      "runtime": "10.57"
    },
    {
      "name": "mDiffFit",
      "function": "command_print",
      "type": "dataflow",
      "executor": "syscommand",
      "firingLimit": 1,
      "config": {
        "executor": {
          "executable": "mDiffFit",
          "args": ""
        }
      },
      "ins": [
        4,
        33,
        34,
        30,
        31
      ],
      "outs": [
        50,
        51
      ],
      "runtime": "10.53"
    },
    {
      "name": "mDiffFit",
      "function": "command_print",
      "type": "dataflow",
      "executor": "syscommand",
      "firingLimit": 1,
      "config": {
        "executor": {
          "executable": "mDiffFit",
          "args": ""
        }
      },
      "ins": [
        4,
        33,
        34,
        42,
        43
      ],
      "outs": [
        50,
        51
      ],
      "runtime": "10.82"
    },
    {
      "name": "mDiffFit",
      "function": "command_print",
      "type": "dataflow",
      "executor": "syscommand",
      "firingLimit": 1,
      "config": {
        "executor": {
          "executable": "mDiffFit",
          "args": ""
        }
      },
      "ins": [
        4,
        36,
        37,
        18,
        19
      ],
      "outs": [
        50,
        51
      ],
      "runtime": "10.75"
    },
    {
      "name": "mDiffFit",
      "function": "command_print",
      "type": "dataflow",
      "executor": "syscommand",
      "firingLimit": 1,
      "config": {
        "executor": {
          "executable": "mDiffFit",
          "args": ""
        }
      },
      "ins": [
        4,
        36,
        37,
        33,
        34
      ],
      "outs": [
        50,
        51
      ],
      "runtime": "10.61"
    },
    {
      "name": "mDiffFit",
      "function": "command_print",
      "type": "dataflow",
      "executor": "syscommand",
      "firingLimit": 1,
      "config": {
        "executor": {
          "executable": "mDiffFit",
          "args": ""
        }
      },
      "ins": [
        4,
        36,
        37,
        39,
        40
      ],
      "outs": [
        50,
        51
      ],
      "runtime": "10.80"
    },
    {
      "name": "mDiffFit",
      "function": "command_print",
      "type": "dataflow",
      "executor": "syscommand",
      "firingLimit": 1,
      "config": {
        "executor": {
          "executable": "mDiffFit",
          "args": ""
        }
      },
      "ins": [
        4,
        39,
        40,
        27,
        28
      ],
      "outs": [
        50,
        51
      ],
      "runtime": "10.66"
    },
    {
      "name": "mDiffFit",
      "function": "command_print",
      "type": "dataflow",
      "executor": "syscommand",
      "firingLimit": 1,
      "config": {
        "executor": {
          "executable": "mDiffFit",
          "args": ""
        }
      },
      "ins": [
        4,
        39,
        40,
        33,
        34
      ],
      "outs": [
        50,
        51
      ],
      "runtime": "10.54"
    },
    {
      "name": "mDiffFit",
      "function": "command_print",
      "type": "dataflow",
      "executor": "syscommand",
      "firingLimit": 1,
      "config": {
        "executor": {
          "executable": "mDiffFit",
          "args": ""
        }
      },
      "ins": [
        4,
        39,
        40,
        36,
        37
      ],
      "outs": [
        50,
        51
      ],
      "runtime": "10.61"
    },
    {
      "name": "mDiffFit",
      "function": "command_print",
      "type": "dataflow",
      "executor": "syscommand",
      "firingLimit": 1,
      "config": {
        "executor": {
          "executable": "mDiffFit",
          "args": ""
        }
      },
      "ins": [
        4,
        42,
        43,
        2,
        3
      ],
      "outs": [
        50,
        51
      ],
      "runtime": "10.42"
    },
    {
      "name": "mDiffFit",
      "function": "command_print",
      "type": "dataflow",
      "executor": "syscommand",
      "firingLimit": 1,
      "config": {
        "executor": {
          "executable": "mDiffFit",
          "args": ""
        }
      },
      "ins": [
        4,
        42,
        43,
        45,
        46
      ],
      "outs": [
        50,
        51
      ],
      "runtime": "10.34"
    },
    {
      "name": "mDiffFit",
      "function": "command_print",
      "type": "dataflow",
      "executor": "syscommand",
      "firingLimit": 1,
      "config": {
        "executor": {
          "executable": "mDiffFit",
          "args": ""
        }
      },
      "ins": [
        4,
        45,
        46,
        12,
        13
      ],
      "outs": [
        50,
        51
      ],
      "runtime": "10.73"
    },
    {
      "name": "mDiffFit",
      "function": "command_print",
      "type": "dataflow",
      "executor": "syscommand",
      "firingLimit": 1,
      "config": {
        "executor": {
          "executable": "mDiffFit",
          "args": ""
        }
      },
      "ins": [
        4,
        45,
        46,
        18,
        19
      ],
      "outs": [
        50,
        51
      ],
      "runtime": "10.42"
    },
    {
      "name": "mDiffFit",
      "function": "command_print",
      "type": "dataflow",
      "executor": "syscommand",
      "firingLimit": 1,
      "config": {
        "executor": {
          "executable": "mDiffFit",
          "args": ""
        }
      },
      "ins": [
        4,
        45,
        46,
        24,
        25
      ],
      "outs": [
        50,
        51
      ],
      "runtime": "10.53"
    },
    {
      "name": "mDiffFit",
      "function": "command_print",
      "type": "dataflow",
      "executor": "syscommand",
      "firingLimit": 1,
      "config": {
        "executor": {
          "executable": "mDiffFit",
          "args": ""
        }
      },
      "ins": [
        4,
        48,
        49,
        2,
        3
      ],
      "outs": [
        50,
        51
      ],
      "runtime": "10.56"
    },
    {
      "name": "mDiffFit",
      "function": "command_print",
      "type": "dataflow",
      "executor": "syscommand",
      "firingLimit": 1,
      "config": {
        "executor": {
          "executable": "mDiffFit",
          "args": ""
        }
      },
      "ins": [
        4,
        48,
        49,
        18,
        19
      ],
      "outs": [
        50,
        51
      ],
      "runtime": "10.58"
    },
    {
      "name": "mDiffFit",
      "function": "command_print",
      "type": "dataflow",
      "executor": "syscommand",
      "firingLimit": 1,
      "config": {
        "executor": {
          "executable": "mDiffFit",
          "args": ""
        }
      },
      "ins": [
        4,
        48,
        49,
        21,
        22
      ],
      "outs": [
        50,
        51
      ],
      "runtime": "10.57"
    },
    {
      "name": "mDiffFit",
      "function": "command_print",
      "type": "dataflow",
      "executor": "syscommand",
      "firingLimit": 1,
      "config": {
        "executor": {
          "executable": "mDiffFit",
          "args": ""
        }
      },
      "ins": [
        4,
        48,
        49,
        27,
        28
      ],
      "outs": [
        50,
        51
      ],
      "runtime": "10.69"
    },
    {
      "name": "mDiffFit",
      "function": "command_print",
      "type": "dataflow",
      "executor": "syscommand",
      "firingLimit": 1,
      "config": {
        "executor": {
          "executable": "mDiffFit",
          "args": ""
        }
      },
      "ins": [
        4,
        48,
        49,
        30,
        31
      ],
      "outs": [
        50,
        51
      ],
      "runtime": "10.71"
    },
    {
      "name": "mDiffFit",
      "function": "command_print",
      "type": "dataflow",
      "executor": "syscommand",
      "firingLimit": 1,
      "config": {
        "executor": {
          "executable": "mDiffFit",
          "args": ""
        }
      },
      "ins": [
        4,
        48,
        49,
        33,
        34
      ],
      "outs": [
        50,
        51
      ],
      "runtime": "10.63"
    },
    {
      "name": "mDiffFit",
      "function": "command_print",
      "type": "dataflow",
      "executor": "syscommand",
      "firingLimit": 1,
      "config": {
        "executor": {
          "executable": "mDiffFit",
          "args": ""
        }
      },
      "ins": [
        4,
        48,
        49
      ],
      "outs": [
        50,
        51
      ],
      "runtime": "10.60"
    },
    {
      "name": "mConcatFit",
      "function": "command_print",
      "type": "dataflow",
      "executor": "syscommand",
      "firingLimit": 1,
      "config": {
        "executor": {
          "executable": "mConcatFit",
          "args": ""
        }
      },
      "ins": [
        52,
        50,
        51
      ],
      "outs": [
        53
      ],
      "runtime": "4.96"
    },
    {
      "name": "mBgModel",
      "function": "command_print",
      "type": "dataflow",
      "executor": "syscommand",
      "firingLimit": 1,
      "config": {
        "executor": {
          "executable": "mBgModel",
          "args": ""
        }
      },
      "ins": [
        54,
        53
      ],
      "outs": [
        55
      ],
      "runtime": "6.75"
    },
    {
      "name": "mBackground",
      "function": "command_print",
      "type": "dataflow",
      "executor": "syscommand",
      "firingLimit": 1,
      "config": {
        "executor": {
          "executable": "mBackground",
          "args": ""
        }
      },
      "ins": [
        55,
        2,
        3
      ],
      "outs": [
        56,
        57
      ],
      "runtime": "10.59"
    },
    {
      "name": "mBackground",
      "function": "command_print",
      "type": "dataflow",
      "executor": "syscommand",
      "firingLimit": 1,
      "config": {
        "executor": {
          "executable": "mBackground",
          "args": ""
        }
      },
      "ins": [
        55,
        6,
        7
      ],
      "outs": [
        58,
        59
      ],
      "runtime": "10.88"
    },
    {
      "name": "mBackground",
      "function": "command_print",
      "type": "dataflow",
      "executor": "syscommand",
      "firingLimit": 1,
      "config": {
        "executor": {
          "executable": "mBackground",
          "args": ""
        }
      },
      "ins": [
        55,
        9,
        10
      ],
      "outs": [
        60,
        61
      ],
      "runtime": "10.57"
    },
    {
      "name": "mBackground",
      "function": "command_print",
      "type": "dataflow",
      "executor": "syscommand",
      "firingLimit": 1,
      "config": {
        "executor": {
          "executable": "mBackground",
          "args": ""
        }
      },
      "ins": [
        55,
        12,
        13
      ],
      "outs": [
        62,
        63
      ],
      "runtime": "10.87"
    },
    {
      "name": "mBackground",
      "function": "command_print",
      "type": "dataflow",
      "executor": "syscommand",
      "firingLimit": 1,
      "config": {
        "executor": {
          "executable": "mBackground",
          "args": ""
        }
      },
      "ins": [
        55,
        15,
        16
      ],
      "outs": [
        64,
        65
      ],
      "runtime": "11.17"
    },
    {
      "name": "mBackground",
      "function": "command_print",
      "type": "dataflow",
      "executor": "syscommand",
      "firingLimit": 1,
      "config": {
        "executor": {
          "executable": "mBackground",
          "args": ""
        }
      },
      "ins": [
        55,
        18,
        19
      ],
      "outs": [
        66,
        67
      ],
      "runtime": "10.78"
    },
    {
      "name": "mBackground",
      "function": "command_print",
      "type": "dataflow",
      "executor": "syscommand",
      "firingLimit": 1,
      "config": {
        "executor": {
          "executable": "mBackground",
          "args": ""
        }
      },
      "ins": [
        55,
        21,
        22
      ],
      "outs": [
        68,
        69
      ],
      "runtime": "10.86"
    },
    {
      "name": "mBackground",
      "function": "command_print",
      "type": "dataflow",
      "executor": "syscommand",
      "firingLimit": 1,
      "config": {
        "executor": {
          "executable": "mBackground",
          "args": ""
        }
      },
      "ins": [
        55,
        24,
        25
      ],
      "outs": [
        70,
        71
      ],
      "runtime": "10.88"
    },
    {
      "name": "mBackground",
      "function": "command_print",
      "type": "dataflow",
      "executor": "syscommand",
      "firingLimit": 1,
      "config": {
        "executor": {
          "executable": "mBackground",
          "args": ""
        }
      },
      "ins": [
        55,
        27,
        28
      ],
      "outs": [
        72,
        73
      ],
      "runtime": "10.72"
    },
    {
      "name": "mBackground",
      "function": "command_print",
      "type": "dataflow",
      "executor": "syscommand",
      "firingLimit": 1,
      "config": {
        "executor": {
          "executable": "mBackground",
          "args": ""
        }
      },
      "ins": [
        55,
        30,
        31
      ],
      "outs": [
        74,
        75
      ],
      "runtime": "10.87"
    },
    {
      "name": "mBackground",
      "function": "command_print",
      "type": "dataflow",
      "executor": "syscommand",
      "firingLimit": 1,
      "config": {
        "executor": {
          "executable": "mBackground",
          "args": ""
        }
      },
      "ins": [
        55,
        33,
        34
      ],
      "outs": [
        76,
        77
      ],
      "runtime": "10.58"
    },
    {
      "name": "mBackground",
      "function": "command_print",
      "type": "dataflow",
      "executor": "syscommand",
      "firingLimit": 1,
      "config": {
        "executor": {
          "executable": "mBackground",
          "args": ""
        }
      },
      "ins": [
        55,
        36,
        37
      ],
      "outs": [
        78,
        79
      ],
      "runtime": "10.85"
    },
    {
      "name": "mBackground",
      "function": "command_print",
      "type": "dataflow",
      "executor": "syscommand",
      "firingLimit": 1,
      "config": {
        "executor": {
          "executable": "mBackground",
          "args": ""
        }
      },
      "ins": [
        55,
        39,
        40
      ],
      "outs": [
        80,
        81
      ],
      "runtime": "10.86"
    },
    {
      "name": "mBackground",
      "function": "command_print",
      "type": "dataflow",
      "executor": "syscommand",
      "firingLimit": 1,
      "config": {
        "executor": {
          "executable": "mBackground",
          "args": ""
        }
      },
      "ins": [
        55,
        42,
        43
      ],
      "outs": [
        82,
        83
      ],
      "runtime": "10.96"
    },
    {
      "name": "mBackground",
      "function": "command_print",
      "type": "dataflow",
      "executor": "syscommand",
      "firingLimit": 1,
      "config": {
        "executor": {
          "executable": "mBackground",
          "args": ""
        }
      },
      "ins": [
        55,
        45,
        46
      ],
      "outs": [
        84,
        85
      ],
      "runtime": "10.51"
    },
    {
      "name": "mBackground",
      "function": "command_print",
      "type": "dataflow",
      "executor": "syscommand",
      "firingLimit": 1,
      "config": {
        "executor": {
          "executable": "mBackground",
          "args": ""
        }
      },
      "ins": [
        55,
        48,
        49
      ],
      "outs": [
        86,
        87
      ],
      "runtime": "10.69"
    },
    {
      "name": "mImgTbl",
      "function": "command_print",
      "type": "dataflow",
      "executor": "syscommand",
      "firingLimit": 1,
      "config": {
        "executor": {
          "executable": "mImgTbl",
          "args": ""
        }
      },
      "ins": [
        88,
        56,
        57,
        58,
        59,
        60,
        61,
        62,
        63,
        64,
        65,
        66,
        67,
        68,
        69,
        70,
        71,
        72,
        73,
        74,
        75,
        76,
        77,
        78,
        79,
        80,
        81,
        82,
        83,
        84,
        85,
        86,
        87
      ],
      "outs": [
        89
      ],
      "runtime": "5.82"
    },
    {
      "name": "mAdd",
      "function": "command_print",
      "type": "dataflow",
      "executor": "syscommand",
      "firingLimit": 1,
      "config": {
        "executor": {
          "executable": "mAdd",
          "args": ""
        }
      },
      "ins": [
        4,
        89
      ],
      "outs": [
        90,
        91
      ],
      "runtime": "9.66"
    },
    {
      "name": "mShrink",
      "function": "command_print",
      "type": "dataflow",
      "executor": "syscommand",
      "firingLimit": 1,
      "config": {
        "executor": {
          "executable": "mShrink",
          "args": ""
        }
      },
      "ins": [
        90,
        91
      ],
      "outs": [
        92
      ],
      "runtime": "6.91"
    },
    {
      "name": "mJPEG",
      "function": "command_print",
      "type": "dataflow",
      "executor": "syscommand",
      "firingLimit": 1,
      "config": {
        "executor": {
          "executable": "mJPEG",
          "args": ""
        }
      },
      "ins": [
        92
      ],
      "outs": [
        93
      ],
      "runtime": "1.43"
    }
  ],
  "data": [
    {
      "name": "region.hdr",
      "size": "304"
    },
    {
      "name": "2mass-atlas-ID00000s-jID00000.fits",
      "size": "4222080"
    },
    {
      "name": "p2mass-atlas-ID00000s-jID00000.fits",
      "size": "4171305"
    },
    {
      "name": "p2mass-atlas-ID00000s-jID00000_area.fits",
      "size": "4171305"
    },
    {
      "name": "region.hdr",
      "size": "304"
    },
    {
      "name": "2mass-atlas-ID00001s-jID00001.fits",
      "size": "4222080"
    },
    {
      "name": "p2mass-atlas-ID00001s-jID00001.fits",
      "size": "4178736"
    },
    {
      "name": "p2mass-atlas-ID00001s-jID00001_area.fits",
      "size": "4178736"
    },
    {
      "name": "2mass-atlas-ID00002s-jID00002.fits",
      "size": "4222080"
    },
    {
      "name": "p2mass-atlas-ID00002s-jID00002.fits",
      "size": "4161186"
    },
    {
      "name": "p2mass-atlas-ID00002s-jID00002_area.fits",
      "size": "4161186"
    },
    {
      "name": "2mass-atlas-ID00003s-jID00003.fits",
      "size": "4222080"
    },
    {
      "name": "p2mass-atlas-ID00003s-jID00003.fits",
      "size": "4155992"
    },
    {
      "name": "p2mass-atlas-ID00003s-jID00003_area.fits",
      "size": "4155992"
    },
    {
      "name": "2mass-atlas-ID00004s-jID00004.fits",
      "size": "4222080"
    },
    {
      "name": "p2mass-atlas-ID00004s-jID00004.fits",
      "size": "4171022"
    },
    {
      "name": "p2mass-atlas-ID00004s-jID00004_area.fits",
      "size": "4171022"
    },
    {
      "name": "2mass-atlas-ID00005s-jID00005.fits",
      "size": "4222080"
    },
    {
      "name": "p2mass-atlas-ID00005s-jID00005.fits",
      "size": "4160703"
    },
    {
      "name": "p2mass-atlas-ID00005s-jID00005_area.fits",
      "size": "4160703"
    },
    {
      "name": "2mass-atlas-ID00006s-jID00006.fits",
      "size": "4222080"
    },
    {
      "name": "p2mass-atlas-ID00006s-jID00006.fits",
      "size": "4176249"
    },
    {
      "name": "p2mass-atlas-ID00006s-jID00006_area.fits",
      "size": "4176249"
    },
    {
      "name": "2mass-atlas-ID00007s-jID00007.fits",
      "size": "4222080"
    },
    {
      "name": "p2mass-atlas-ID00007s-jID00007.fits",
      "size": "4154754"
    },
    {
      "name": "p2mass-atlas-ID00007s-jID00007_area.fits",
      "size": "4154754"
    },
    {
      "name": "2mass-atlas-ID00008s-jID00008.fits",
      "size": "4222080"
    },
    {
      "name": "p2mass-atlas-ID00008s-jID00008.fits",
      "size": "4167178"
    },
    {
      "name": "p2mass-atlas-ID00008s-jID00008_area.fits",
      "size": "4167178"
    },
    {
      "name": "2mass-atlas-ID00009s-jID00009.fits",
      "size": "4222080"
    },
    {
      "name": "p2mass-atlas-ID00009s-jID00009.fits",
      "size": "4162377"
    },
    {
      "name": "p2mass-atlas-ID00009s-jID00009_area.fits",
      "size": "4162377"
    },
    {
      "name": "2mass-atlas-ID00010s-jID00010.fits",
      "size": "4222080"
    },
    {
      "name": "p2mass-atlas-ID00010s-jID00010.fits",
      "size": "4159201"
    },
    {
      "name": "p2mass-atlas-ID00010s-jID00010_area.fits",
      "size": "4159201"
    },
    {
      "name": "2mass-atlas-ID00011s-jID00011.fits",
      "size": "4222080"
    },
    {
      "name": "p2mass-atlas-ID00011s-jID00011.fits",
      "size": "4164877"
    },
    {
      "name": "p2mass-atlas-ID00011s-jID00011_area.fits",
      "size": "4164877"
    },
    {
      "name": "2mass-atlas-ID00012s-jID00012.fits",
      "size": "4222080"
    },
    {
      "name": "p2mass-atlas-ID00012s-jID00012.fits",
      "size": "4184408"
    },
    {
      "name": "p2mass-atlas-ID00012s-jID00012_area.fits",
      "size": "4184408"
    },
    {
      "name": "2mass-atlas-ID00013s-jID00013.fits",
      "size": "4222080"
    },
    {
      "name": "p2mass-atlas-ID00013s-jID00013.fits",
      "size": "4174082"
    },
    {
      "name": "p2mass-atlas-ID00013s-jID00013_area.fits",
      "size": "4174082"
    },
    {
      "name": "2mass-atlas-ID00014s-jID00014.fits",
      "size": "4222080"
    },
    {
      "name": "p2mass-atlas-ID00014s-jID00014.fits",
      "size": "4148012"
    },
    {
      "name": "p2mass-atlas-ID00014s-jID00014_area.fits",
      "size": "4148012"
    },
    {
      "name": "2mass-atlas-ID00015s-jID00015.fits",
      "size": "4222080"
    },
    {
      "name": "p2mass-atlas-ID00015s-jID00015.fits",
      "size": "4145512"
    },
    {
      "name": "p2mass-atlas-ID00015s-jID00015_area.fits",
      "size": "4145512"
    },
    {
      "name": "fit.txt",
      "size": "265"
    },
    {
      "name": "diff.txt",
      "size": "368332"
    },
    {
      "name": "fits_list.tbl",
      "size": "1690"
    },
    {
      "name": "fits.tbl",
      "size": "13017"
    },
    {
      "name": "pimages.tbl",
      "size": "2680"
    },
    {
      "name": "corrections.tbl",
      "size": "850"
    },
    {
      "name": "c2mass-atlas-ID00000s-jID00000_area.fits",
      "size": "4171305"
    },
    {
      "name": "c2mass-atlas-ID00000s-jID00000.fits",
      "size": "4171305"
    },
    {
      "name": "c2mass-atlas-ID00001s-jID00001_area.fits",
      "size": "4178736"
    },
    {
      "name": "c2mass-atlas-ID00001s-jID00001.fits",
      "size": "4178736"
    },
    {
      "name": "c2mass-atlas-ID00002s-jID00002_area.fits",
      "size": "4161186"
    },
    {
      "name": "c2mass-atlas-ID00002s-jID00002.fits",
      "size": "4161186"
    },
    {
      "name": "c2mass-atlas-ID00003s-jID00003.fits",
      "size": "4155992"
    },
    {
      "name": "c2mass-atlas-ID00003s-jID00003_area.fits",
      "size": "4155992"
    },
    {
      "name": "c2mass-atlas-ID00004s-jID00004.fits",
      "size": "4171022"
    },
    {
      "name": "c2mass-atlas-ID00004s-jID00004_area.fits",
      "size": "4171022"
    },
    {
      "name": "c2mass-atlas-ID00005s-jID00005_area.fits",
      "size": "4160703"
    },
    {
      "name": "c2mass-atlas-ID00005s-jID00005.fits",
      "size": "4160703"
    },
    {
      "name": "c2mass-atlas-ID00006s-jID00006_area.fits",
      "size": "4176249"
    },
    {
      "name": "c2mass-atlas-ID00006s-jID00006.fits",
      "size": "4176249"
    },
    {
      "name": "c2mass-atlas-ID00007s-jID00007.fits",
      "size": "4154754"
    },
    {
      "name": "c2mass-atlas-ID00007s-jID00007_area.fits",
      "size": "4154754"
    },
    {
      "name": "c2mass-atlas-ID00008s-jID00008.fits",
      "size": "4167178"
    },
    {
      "name": "c2mass-atlas-ID00008s-jID00008_area.fits",
      "size": "4167178"
    },
    {
      "name": "c2mass-atlas-ID00009s-jID00009_area.fits",
      "size": "4162377"
    },
    {
      "name": "c2mass-atlas-ID00009s-jID00009.fits",
      "size": "4162377"
    },
    {
      "name": "c2mass-atlas-ID00010s-jID00010_area.fits",
      "size": "4159201"
    },
    {
      "name": "c2mass-atlas-ID00010s-jID00010.fits",
      "size": "4159201"
    },
    {
      "name": "c2mass-atlas-ID00011s-jID00011_area.fits",
      "size": "4164877"
    },
    {
      "name": "c2mass-atlas-ID00011s-jID00011.fits",
      "size": "4164877"
    },
    {
      "name": "c2mass-atlas-ID00012s-jID00012_area.fits",
      "size": "4184408"
    },
    {
      "name": "c2mass-atlas-ID00012s-jID00012.fits",
      "size": "4184408"
    },
    {
      "name": "c2mass-atlas-ID00013s-jID00013.fits",
      "size": "4174082"
    },
    {
      "name": "c2mass-atlas-ID00013s-jID00013_area.fits",
      "size": "4174082"
    },
    {
      "name": "c2mass-atlas-ID00014s-jID00014.fits",
      "size": "4148012"
    },
    {
      "name": "c2mass-atlas-ID00014s-jID00014_area.fits",
      "size": "4148012"
    },
    {
      "name": "c2mass-atlas-ID00015s-jID00015_area.fits",
      "size": "4145512"
    },
    {
      "name": "c2mass-atlas-ID00015s-jID00015.fits",
      "size": "4145512"
    },
    {
      "name": "cimages.tbl",
      "size": "2680"
    },
    {
      "name": "newcimages.tbl",
      "size": "5963"
    },
    {
      "name": "mosaic_ID00097_ID00097.fits",
      "size": "94061218"
    },
    {
      "name": "mosaic_ID00097_ID00097_area.fits",
      "size": "94061218"
    },
    {
      "name": "shrunken_ID00098_ID00098.fits",
      "size": "3763954"
    },
    {
      "name": "shrunken_ID00098_ID00098.jpg",
      "size": "736083"
    }
  ],
  "ins": [
    0,
    1,
    4,
    5,
    8,
    11,
    14,
    17,
    20,
    23,
    26,
    29,
    32,
    35,
    38,
    41,
    44,
    47,
    52,
    54,
    88
  ],
  "outs": [
    93
  ]
}
